﻿<?xml version="1.0" encoding="UTF-8" standalone="yes"?>
<addon id="repository.vikingsbuilds" name="1Demonstration repository" version="0.0.1" provider-name="Vikings Build">
	<extension point="xbmc.addon.repository" name="2Demonstration Add-on Repository">
		<info compressed="false">http://raw.github.com/vikingsbuild/repository.vikingsbuilds/master/addons.xml</info>
		<checksum>http://raw.github.com/vikingsbuild/repository.vikingsbuilds/master/addons.xml.md5</checksum>
		<datadir zip="true">http://raw.github.com/vikingsbuild/repository.vikingsbuilds/master/repo/</datadir>
	</extension>
	<extension point="xbmc.addon.metadata">
		<summary>3Demonstration Addon</summary>
		<description>Addon Description</description>
		<disclaimer></disclaimer>
		<platform>all</platform>
	</extension>
</addon>